{
    "train_loss": [
        0.03255261722010675
    ],
    "valid_loss": [
        2.075816512107849
    ],
    "valid_bleu": [
        0.025675713175412635
    ],
    "step_loss": [
        10.275228500366211,
        10.27164077758789,
        10.258692741394043,
        10.2003173828125,
        9.873861312866211
    ]
}