{
    "train_loss": [
        0.032171447690449995
    ],
    "valid_loss": [
        2.410793662071228
    ],
    "valid_bleu": [
        0.01189895015284576
    ],
    "step_loss": [
        10.29542064666748,
        10.156231880187988,
        10.056720733642578,
        9.936356544494629,
        9.839242935180664
    ]
}